Feature Category,Feature,Sub-Feature,Description,BE Estimate (minutes),FE Estimate (minutes),Notes
Authentication & User Management,User Registration & Onboarding,Sign-up process with email verification (OTP),Implementation of sign-up flow with email OTP verification,,120,UI exists - requires integration with BE API
Authentication & User Management,User Registration & Onboarding,User profile creation,Creating user profile during registration,,90,UI exists - integrate with BE endpoints
Authentication & User Management,User Registration & Onboarding,Company profile setup during onboarding,Company setup flow after successful registration,,180,UI exists - needs flow improvements and validation
Authentication & User Management,User Registration & Onboarding,Password management (reset change),Forgot password and change password workflows,,120,Simple UI updates and API integration
Authentication & User Management,Login & Authentication,JWT-based authentication,Frontend implementation of JWT handling,,90,Token handling and storage mechanism
Authentication & User Management,Login & Authentication,Session management,Handling user sessions client-side,,120,Session timeouts and refresh mechanisms
Authentication & User Management,Login & Authentication,Role-based access control,UI adaptations based on user roles,,180,Access restrictions in routes and components
Authentication & User Management,User Profile Management,Profile editing,Edit user profile information,,90,UI exists - integrate with API
Authentication & User Management,User Profile Management,Avatar/photo upload,Photo upload and preview functionality,,120,Crop/resize implementation needed
Authentication & User Management,User Profile Management,Email verification,Frontend email verification workflow,,60,UI exists - just needs API integration
Authentication & User Management,User Profile Management,Personal settings,User preferences and settings,,90,Settings panel integration
Authentication & User Management,Role & Permission System,Admin role,Admin-specific UI elements and permissions,,120,Conditional rendering based on roles
Authentication & User Management,Role & Permission System,Manager role,Manager-specific UI and permissions,,120,Role-based UI elements
Authentication & User Management,Role & Permission System,Staff/employee role,Employee-specific UI components,,120,Employee dashboards and features
Authentication & User Management,Role & Permission System,Client/customer role,Client portal specific components,,180,Client-facing features
Authentication & User Management,Role & Permission System,Granular permission settings,Fine-grained permission checks in UI,,240,Permission-based feature access
Company Management,Company Profile,Contact information,Company contact details management,,60,Simple form integration
Company Management,Company Profile,Logo and brand settings,Logo upload and brand color management,,120,Image upload and preview functionality
Company Management,Company Profile,Address and location,Address form with validation,,90,Form validation and formatting
Company Management,Company Profile,Business details,Business information form,,60,Form integration with API
Company Management,Company Profile,Tax/VAT settings,Tax settings and configuration,,90,Tax form fields and validation
Company Management,Team Management,Add/edit/remove team members,Team member CRUD operations,,180,UI exists - integrate with API endpoints
Company Management,Team Management,Assign roles and permissions,Role assignment interface,,120,Role selection UI and API integration
Company Management,Team Management,Team schedules and availability,Schedule management UI,,240,Calendar interface updates
Company Management,Team Management,Employee workload management,Workload visualization,,180,Workload charts and metrics
Company Management,Team Management,Team profiles with skills and certifications,Skill matrix and certification tracking,,210,Profile UI and skill management
Company Management,Company Settings,Preferences,Company preference settings,,90,Settings form integration
Company Management,Company Settings,Notification settings,Configure notification preferences,,120,Notification options UI
Company Management,Company Settings,System configurations,System-wide settings,,150,Configuration panels
Company Management,Company Settings,Regional settings,Language currency and timezone settings,,120,Locale selection and formatting
Lead Management,Lead Tracking & Acquisition,Manual lead entry,Lead creation form,,120,Form validation and submission
Lead Management,Lead Tracking & Acquisition,Lead import functionality,CSV/Excel import interface,,180,File upload and data mapping
Lead Management,Lead Tracking & Acquisition,Automatic lead integration,Third-party lead provider connections,,210,Integration UI and configuration
Lead Management,Lead Tracking & Acquisition,Lead source tracking,Source attribution UI,,90,Source tracking fields
Lead Management,Lead Profiles,Comprehensive customer information,Customer profile display,,150,Profile UI integration
Lead Management,Lead Profiles,Contact history,Communication history timeline,,180,Timeline UI component
Lead Management,Lead Profiles,WOZ information integration,WOZ data display,,120,Property information display
Lead Management,Lead Profiles,Google Street View integration,Street View embedding,,90,Map integration
Lead Management,Lead Profiles,Document storage,Document management for customer,,150,Document list and preview
Lead Management,Lead Profiles,Communication history,Communication logs and history,,180,Communication timeline UI
Lead Management,Pipeline Management,Visual pipeline interface,Visual pipeline UI with stages,,240,Kanban-style pipeline UI
Lead Management,Pipeline Management,Custom pipeline stages,Configure pipeline stages,,180,Stage configuration UI
Lead Management,Pipeline Management,Drag-and-drop functionality,Interactive drag-drop between stages,,210,Drag-drop implementation
Lead Management,Pipeline Management,Follow-up reminders,Reminder creation and alerts,,150,Reminder UI and notifications
Lead Management,Pipeline Management,Lead scoring and qualification,Scoring mechanism UI,,180,Score visualization
Lead Management,Pipeline Management,Conversion tracking,Conversion analytics display,,150,Conversion charts and metrics
Appointment & Planning,Calendar Management,Appointment scheduling,Schedule appointment UI,,180,Calendar picker and form
Appointment & Planning,Calendar Management,Calendar integration,Connect with external calendars,,210,OAuth integration UI
Appointment & Planning,Calendar Management,Team availability views,Team availability visualization,,240,Team calendar view
Appointment & Planning,Calendar Management,Conflict detection,Schedule conflict warnings,,180,Conflict UI alerts
Appointment & Planning,Team Planning,Daily planning for teams,Daily team schedule interface,,240,Day planner UI
Appointment & Planning,Team Planning,Resource allocation,Resource assignment UI,,180,Resource allocation interface
Appointment & Planning,Team Planning,Capacity management,Capacity visualization,,210,Capacity charts
Appointment & Planning,Team Planning,Unavailable date management,Manage time-off and unavailable dates,,150,Date blocking UI
Appointment & Planning,Route Optimization,Automated route planning,Route generation interface,,270,Route visualization UI
Appointment & Planning,Route Optimization,Location-based assignment,Map-based assignment UI,,240,Map interface with assignments
Appointment & Planning,Route Optimization,Geographic optimization,Optimize routes on map,,210,Route optimization controls
Appointment & Planning,Route Optimization,Travel time calculation,Display travel time estimates,,180,Time estimation display
Appointment & Planning,Route Optimization,Multiple location planning,Group appointments by area,,240,Area-based planning UI
Appointment & Planning,Work Lists,Digital work lists for employees,Employee task list UI,,180,Task list interface
Appointment & Planning,Work Lists,PDF exportable work lists,Generate PDF work lists,,120,PDF generation UI
Appointment & Planning,Work Lists,Task assignment and tracking,Assign and track tasks,,210,Task tracking interface
Appointment & Planning,Work Lists,Mobile-friendly interface,Responsive work list design,,240,Mobile optimizations
Appointment & Planning,Work Lists,Rescheduling functionality,Reschedule UI with reason tracking,,180,Rescheduling modal and form
Quotation Management,Quote Creation,Line item management,Add/edit/remove quote line items,,180,Line item CRUD interface
Quotation Management,Quote Creation,Product and service selection,Product picker from catalog,,150,Product selection UI
Quotation Management,Quote Creation,Pricing calculations,Automatic price calculations,,120,Calculation logic in forms
Quotation Management,Quote Creation,Tax handling,Tax calculation UI,,90,Tax options and display
Quotation Management,Quote Creation,Discount application,Apply discounts to quotes,,120,Discount UI controls
Quotation Management,Quote Creation,Terms & conditions,T&C management in quotes,,90,Terms editor integration
Quotation Management,Quote Templates,Customizable templates,Template editor UI,,210,Template customization interface
Quotation Management,Quote Templates,Branding elements,Brand elements in templates,,120,Branding customization UI
Quotation Management,Quote Templates,Save and reuse functionality,Save templates for reuse,,90,Template saving controls
Quotation Management,Digital Signing,Electronic signature collection,Signature capture UI,,180,Signature pad implementation
Quotation Management,Digital Signing,Legal compliance,Compliance checklist UI,,90,Compliance UI elements
Quotation Management,Digital Signing,Signature verification,Verify signature UI,,120,Verification display
Quotation Management,Digital Signing,History of changes,Document change history,,150,Change history timeline
Quotation Management,Quote Analytics,Conversion rates,Quote conversion metrics,,180,Conversion charts
Quotation Management,Quote Analytics,Quote values,Quote value visualization,,150,Value charts and metrics
Quotation Management,Quote Analytics,Pending quotes tracking,Pending quote management UI,,120,Pending quotes dashboard
Quotation Management,Quote Analytics,Performance metrics,Quote performance analytics,,210,Performance dashboards
Invoice Management,Invoice Creation,Generate from quotes,Convert quote to invoice UI,,120,Conversion UI
Invoice Management,Invoice Creation,Line item management,Invoice line items CRUD,,150,Line item interface
Invoice Management,Invoice Creation,Tax calculation,Tax calculation interface,,90,Tax UI elements
Invoice Management,Invoice Creation,Discount handling,Apply discounts to invoices,,120,Discount controls
Invoice Management,Invoice Creation,Payment terms,Configure payment terms,,90,Payment terms UI
Invoice Management,Payment Processing,Payment status tracking,Payment status UI,,120,Status indicators
Invoice Management,Payment Processing,Integration with payment methods,Payment method selection UI,,180,Payment method integration
Invoice Management,Payment Processing,Payment reminders,Reminder configuration UI,,150,Reminder setup interface
Invoice Management,Payment Processing,Overdue notice automation,Overdue notification setup,,120,Notification configuration UI
Invoice Management,Financial Reporting,Invoice analytics,Invoice metrics dashboard,,210,Analytics charts
Invoice Management,Financial Reporting,Revenue tracking,Revenue visualization,,180,Revenue charts and tables
Invoice Management,Financial Reporting,Outstanding invoice reporting,Outstanding invoice reports,,150,Outstanding invoice UI
Invoice Management,Financial Reporting,Financial dashboards,Financial overview dashboards,,240,Dashboard components
Work Agreement Management,Contract Creation,Based on quotes,Convert quote to contract UI,,150,Conversion interface
Work Agreement Management,Contract Creation,Legal clause management,Clause editor and library,,210,Clause management UI
Work Agreement Management,Contract Creation,Terms & conditions,T&C management,,120,Terms editor
Work Agreement Management,Contract Creation,Payment schedules,Payment schedule configuration,,180,Schedule builder UI
Work Agreement Management,Contract Creation,Exclusions management,Manage contract exclusions,,150,Exclusions interface
Work Agreement Management,Approval Process,Client review process,Client review UI,,180,Review interface
Work Agreement Management,Approval Process,Digital signing,Signature collection for contracts,,150,Signature component
Work Agreement Management,Approval Process,Version control,Contract version history,,180,Version history UI
Work Agreement Management,Approval Process,Amendment handling,Contract amendment UI,,210,Amendment interface
Work Agreement Management,Work Agreement Management,Status tracking,Agreement status indicators,,90,Status UI components
Work Agreement Management,Work Agreement Management,Document storage,Store agreement documents,,120,Document management UI
Work Agreement Management,Work Agreement Management,Change order processing,Process change orders UI,,180,Change order interface
Work Agreement Management,Work Agreement Management,Payment installment tracking,Track payment installments,,150,Installment tracking UI
Project Management,Project Overview,Project timeline,Timeline visualization,,240,Timeline component
Project Management,Project Overview,Status tracking,Project status indicators,,120,Status UI elements
Project Management,Project Overview,Team assignment,Assign team members UI,,150,Assignment interface
Project Management,Project Overview,Budget management,Budget tracking UI,,180,Budget visualization
Project Management,Document Management,File storage and organization,Document library UI,,210,File manager component
Project Management,Document Management,Version control,Document versioning UI,,180,Version control interface
Project Management,Document Management,Photo management,Photo gallery interface,,150,Gallery component
Project Management,Document Management,Document sharing,Sharing controls UI,,120,Sharing interface
Project Management,Resource Management,Material tracking,Material usage tracking,,150,Material tracking UI
Project Management,Resource Management,Equipment allocation,Equipment assignment UI,,120,Equipment allocation interface
Project Management,Resource Management,Personnel assignments,Personnel assignment UI,,150,Personnel UI component
Project Management,Resource Management,Vendor management,Vendor management interface,,180,Vendor management UI
Project Management,Project Analytics,Progress tracking,Project progress visualization,,210,Progress charts
Project Management,Project Analytics,Budget vs. actual analysis,Budget comparison charts,,180,Comparison visualizations
Project Management,Project Analytics,Timeline adherence,Timeline adherence metrics,,150,Adherence indicators
Project Management,Project Analytics,Profit calculation,Project profit calculation UI,,180,Profit visualization
Expense Management,Receipt Processing,AI-powered receipt scanning,Receipt upload and scanning UI,,210,Scan interface with preview
Expense Management,Receipt Processing,Automatic data extraction,Extracted data display,,180,Extraction result UI
Expense Management,Receipt Processing,Expense categorization,Category assignment UI,,120,Category selection interface
Expense Management,Receipt Processing,VAT/tax calculation,Tax calculation display,,90,Tax UI elements
Expense Management,Expense Categorization,Custom categories,Category management UI,,150,Category CRUD interface
Expense Management,Expense Categorization,Project assignment,Assign expenses to projects,,120,Assignment interface
Expense Management,Expense Categorization,Budget allocation,Budget allocation UI,,150,Allocation controls
Expense Management,Expense Categorization,Cost tracking,Cost tracking visualization,,180,Cost tracking charts
Expense Management,Budget Management,Budget setting,Budget configuration UI,,150,Budget setup interface
Expense Management,Budget Management,Expense tracking against budget,Budget vs actual UI,,180,Comparison charts
Expense Management,Budget Management,Variance analysis,Variance visualization,,210,Variance charts and alerts
Expense Management,Budget Management,Financial alerts,Alert configuration UI,,120,Alert setup interface
Product & Pricing Management,Product Catalog,Product/service database,Product CRUD interface,,180,Product management UI
Product & Pricing Management,Product Catalog,Description management,Product description editor,,120,Description editor
Product & Pricing Management,Product Catalog,SKU/product code system,SKU management UI,,90,SKU interface
Product & Pricing Management,Product Catalog,Category organization,Product category management,,150,Category management UI
Product & Pricing Management,Pricing Management,Price points,Price configuration UI,,120,Pricing interface
Product & Pricing Management,Pricing Management,Margin calculation,Margin calculator UI,,150,Margin calculation tools
Product & Pricing Management,Pricing Management,Discount rules,Discount rule configuration,,180,Rule builder interface
Product & Pricing Management,Pricing Management,Bulk price updates,Mass update interface,,150,Bulk update UI
Product & Pricing Management,Pricing Management,Cost price tracking,Cost tracking interface,,120,Cost tracking UI
Product & Pricing Management,Inventory Management,Stock levels,Inventory level tracking,,150,Inventory UI
Product & Pricing Management,Inventory Management,Reorder points,Reorder configuration UI,,120,Reorder point setup
Product & Pricing Management,Inventory Management,Supplier information,Supplier management UI,,180,Supplier interface
Product & Pricing Management,Inventory Management,Usage tracking,Usage analytics interface,,150,Usage tracking charts
Calculator Tools,Roof Measurement Tools,Area calculation,Roof area calculator UI,,210,Calculator interface
Calculator Tools,Roof Measurement Tools,Material estimation,Material calculator UI,,180,Material estimator
Calculator Tools,Roof Measurement Tools,Parameter configuration,Parameter setup interface,,150,Parameter UI
Calculator Tools,Cost Estimation Tools,Labor cost calculation,Labor cost estimator,,180,Labor calculator
Calculator Tools,Cost Estimation Tools,Material cost calculation,Material cost calculator,,150,Material cost UI
Calculator Tools,Cost Estimation Tools,Overhead allocation,Overhead cost calculator,,120,Overhead allocation UI
Calculator Tools,Cost Estimation Tools,Profit margin setting,Profit margin configuration,,90,Margin controls
Calculator Tools,Pricing Models,Variable pricing based on factors,Dynamic pricing interface,,210,Variable pricing UI
Calculator Tools,Pricing Models,Comparison views,Price comparison UI,,180,Comparison charts
Calculator Tools,Pricing Models,What-if scenarios,Scenario modeling interface,,240,Scenario builder
Calculator Tools,Pricing Models,Competitive analysis,Competitor price comparison,,180,Competitive analysis UI
Customer Portal,Self-Service Portal,Customer dashboard,Customer portal dashboard,,240,Client portal UI integration
Customer Portal,Self-Service Portal,Document access,Client document library,,180,Document viewer integration
Customer Portal,Self-Service Portal,Project status,Project status viewer,,150,Status display UI
Customer Portal,Self-Service Portal,Communication tools,Client communication interface,,210,Communication tools UI
Customer Portal,Approval & Signing,Quote approval,Quote approval UI for clients,,180,Approval interface
Customer Portal,Approval & Signing,Contract signing,Client-side signing interface,,210,Signature component
Customer Portal,Approval & Signing,Change request submission,Change request form,,150,Request submission UI
Customer Portal,Approval & Signing,Document acknowledgment,Acknowledgment UI,,90,Acknowledgment component
Customer Portal,Payments & Financials,Invoice viewing,Client invoice viewer,,150,Invoice display UI
Customer Portal,Payments & Financials,Online payment options,Payment method selection,,210,Payment integration UI
Customer Portal,Payments & Financials,Payment history,Payment history display,,180,History timeline
Customer Portal,Payments & Financials,Financial summary,Client financial dashboard,,240,Financial summary charts
Reputation Management,Review Collection,Automated review requests,Review request configuration,,180,Request configuration UI
Reputation Management,Review Collection,Post-service triggers,Trigger configuration UI,,150,Trigger setup interface
Reputation Management,Review Collection,Email templates,Review email template editor,,210,Template editor UI
Reputation Management,Review Collection,Customizable timing,Review timing configuration,,120,Timing controls
Reputation Management,Third-Party Integrations,Google reviews,Google review integration UI,,210,Google integration setup
Reputation Management,Third-Party Integrations,Trustpilot,Trustpilot integration UI,,180,Trustpilot connection UI
Reputation Management,Third-Party Integrations,Facebook,Facebook reviews integration,,180,Facebook connection UI
Reputation Management,Third-Party Integrations,Internal review system,Internal review management,,210,Internal review UI
Reputation Management,Review Analytics,Rating trends,Rating trend visualization,,180,Trend charts
Reputation Management,Review Analytics,Response rates,Response rate metrics,,150,Response rate UI
Reputation Management,Review Analytics,Sentiment analysis,Sentiment visualization,,210,Sentiment charts
Reputation Management,Review Analytics,Performance metrics,Review performance dashboard,,240,Performance metrics UI
Support System,Ticket Management,Ticket creation,Support ticket form,,150,Ticket creation interface
Support System,Ticket Management,Status tracking,Ticket status indicators,,120,Status UI components
Support System,Ticket Management,Priority setting,Priority selection UI,,90,Priority controls
Support System,Ticket Management,Assignment rules,Assignment configuration,,180,Assignment rule builder
Support System,Knowledge Base,Article management,Knowledge base article editor,,240,Article management UI
Support System,Knowledge Base,Search functionality,KB search interface,,180,Search component
Support System,Knowledge Base,Category organization,KB category management,,120,Category management UI
Support System,Knowledge Base,User access controls,Access control configuration,,150,Access control UI
Support System,Communication Tools,Internal notes,Internal note system,,120,Notes interface
Support System,Communication Tools,Customer responses,Customer reply interface,,150,Reply UI component
Support System,Communication Tools,Notification system,Support notifications UI,,180,Notification UI
Support System,Communication Tools,History tracking,Communication history timeline,,150,History display
Community Platform,Forums & Discussion,Topic creation,Forum topic creation UI,,180,Topic editor
Community Platform,Forums & Discussion,Reply management,Reply interface,,150,Reply component
Community Platform,Forums & Discussion,User participation,User participation UI,,120,Participation interface
Community Platform,Forums & Discussion,Content organization,Forum organization UI,,180,Organization tools
Community Platform,Moderation System,Content approval,Content moderation interface,,240,Moderation queue UI
Community Platform,Moderation System,User management,Community user management,,180,User management interface
Community Platform,Moderation System,Reporting mechanisms,Content reporting UI,,150,Reporting tools
Community Platform,Moderation System,Community guidelines,Guidelines management,,120,Guidelines editor
Community Platform,Networking & Collaboration,Business networking,Networking interface,,210,Networking UI
Community Platform,Networking & Collaboration,Project collaboration,Collaboration tools UI,,240,Collaboration interface
Community Platform,Networking & Collaboration,Resource sharing,Resource sharing UI,,180,Sharing interface
Community Platform,Networking & Collaboration,Industry discussions,Discussion board interface,,150,Discussion UI
Requests & Feature Voting,Feature Request Submissions,Idea submission,Idea submission form,,150,Submission interface
Requests & Feature Voting,Feature Request Submissions,Description fields,Description editor,,90,Editor component
Requests & Feature Voting,Feature Request Submissions,Category assignment,Category selection UI,,120,Category UI
Requests & Feature Voting,Feature Request Submissions,Status tracking,Status indicators,,90,Status UI components
Requests & Feature Voting,Voting System,Upvoting/downvoting,Voting UI component,,120,Vote buttons
Requests & Feature Voting,Voting System,Popularity metrics,Popularity visualization,,150,Popularity charts
Requests & Feature Voting,Voting System,User engagement,Engagement metrics display,,180,Engagement visualization
Requests & Feature Voting,Voting System,Trending topics,Trending display UI,,150,Trend indicators
Requests & Feature Voting,Feedback Management,Comments,Comment interface,,120,Comment component
Requests & Feature Voting,Feedback Management,Discussion threads,Threaded discussion UI,,180,Thread UI
Requests & Feature Voting,Feedback Management,Status updates,Status update interface,,90,Status update UI
Requests & Feature Voting,Feedback Management,Implementation notifications,Notification system for updates,,150,Update notification UI
Reporting & Analytics,Dashboards,Customizable views,Dashboard customization UI,,270,Customization interface
Reporting & Analytics,Dashboards,Key metric visualization,Metric visualization components,,240,Chart components
Reporting & Analytics,Dashboards,Comparative analysis,Comparison charts,,210,Comparison UI
Reporting & Analytics,Dashboards,Mobile-responsive design,Mobile dashboard views,,180,Responsive design
Reporting & Analytics,Financial Reports,Revenue reports,Revenue report interface,,210,Revenue reporting UI
Reporting & Analytics,Financial Reports,Profit & loss,P&L report interface,,240,P&L visualization
Reporting & Analytics,Financial Reports,Cash flow analysis,Cash flow charts,,210,Cash flow UI
Reporting & Analytics,Financial Reports,Tax summaries,Tax summary reports,,180,Tax reporting interface
Reporting & Analytics,Operational Reports,Team performance,Team metrics visualization,,240,Team performance UI
Reporting & Analytics,Operational Reports,Project status,Project status reporting,,180,Status report UI
Reporting & Analytics,Operational Reports,Lead conversion metrics,Conversion visualization,,210,Conversion charts
Reporting & Analytics,Operational Reports,Efficiency analysis,Efficiency metrics UI,,240,Efficiency visualization
Mobile Functionality,Responsive Design,Mobile-optimized interface,Mobile UI optimization,,300,Mobile UI adjustments
Mobile Functionality,Responsive Design,Touch-friendly controls,Touch-optimized UI elements,,210,Touch UI components
Mobile Functionality,Responsive Design,Screen size adaptation,Adaptive layouts,,240,Responsive layout improvements
Mobile Functionality,Responsive Design,Mobile-specific layouts,Mobile-specific UI designs,,270,Mobile layout design
Mobile Functionality,Field Operations Support,Offline data access,Offline data handling,,300,Offline capabilities
Mobile Functionality,Field Operations Support,Photo capture and upload,Mobile photo functionality,,210,Camera integration
Mobile Functionality,Field Operations Support,GPS integration,Location services integration,,240,GPS features
Mobile Functionality,Field Operations Support,Mobile document signing,Mobile signature capture,,180,Mobile signature UI
Mobile Functionality,Mobile Notifications,Push notification system,Mobile push notifications,,270,Push notification setup
Mobile Functionality,Mobile Notifications,Alert prioritization,Notification priority UI,,180,Priority controls
Mobile Functionality,Mobile Notifications,Action-based notifications,Action triggers UI,,240,Action configuration
Mobile Functionality,Mobile Notifications,Schedule reminders,Calendar reminders,,210,Reminder setup UI
Subscription & Billing,Package Management,Package definition,Package configuration UI,,180,Package setup interface
Subscription & Billing,Package Management,Feature allocation per package,Feature toggle interface,,240,Feature allocation UI
Subscription & Billing,Package Management,Pricing tier management,Pricing tier UI,,210,Tier management interface
Subscription & Billing,Package Management,Trial period configuration,Trial setup interface,,150,Trial configuration UI
Subscription & Billing,Billing System,Subscription billing,Billing management UI,,240,Billing interface
Subscription & Billing,Billing System,Payment processing,Payment processor UI,,180,Payment UI integration
Subscription & Billing,Billing System,Invoice generation,Subscription invoice UI,,210,Invoice generation interface
Subscription & Billing,Billing System,Renewal management,Renewal handling UI,,180,Renewal interface
Subscription & Billing,Trial & Promotions,Free trial activation,Trial activation UI,,150,Activation interface
Subscription & Billing,Trial & Promotions,Trial-to-paid conversion,Conversion UI flow,,240,Conversion interface
Subscription & Billing,Trial & Promotions,Promotional discounts,Promo code interface,,180,Promo code UI
Subscription & Billing,Trial & Promotions,Special offers,Special offer management,,210,Offer management UI
Integration Capabilities,Accounting Integrations,QuickBooks,QuickBooks connection UI,,240,QuickBooks integration interface
Integration Capabilities,Accounting Integrations,Exact,Exact connection UI,,210,Exact integration interface
Integration Capabilities,Accounting Integrations,Custom accounting software,Custom integration UI,,270,Custom integration setup
Integration Capabilities,Accounting Integrations,Financial data synchronization,Sync configuration UI,,240,Sync settings interface
Integration Capabilities,Calendar Integrations,Google Calendar,Google Calendar connection,,210,Google Calendar OAuth UI
Integration Capabilities,Calendar Integrations,Microsoft 365,Microsoft 365 connection,,210,Microsoft OAuth UI
Integration Capabilities,Calendar Integrations,iCal support,iCal export/import UI,,180,iCal interface
Integration Capabilities,Calendar Integrations,Two-way syncing,Sync configuration UI,,240,Two-way sync settings
Integration Capabilities,Payment Integrations,Stripe,Stripe connection UI,,210,Stripe integration interface
Integration Capabilities,Payment Integrations,Mollie,Mollie connection UI,,210,Mollie integration interface
Integration Capabilities,Payment Integrations,Other payment providers,Generic payment integration,,240,Payment provider setup UI
Integration Capabilities,Payment Integrations,Secure transaction processing,Security configuration UI,,180,Security settings interface
Integration Capabilities,API & Webhooks,RESTful API endpoints,API configuration UI,,270,API management interface
Integration Capabilities,API & Webhooks,Webhook configuration,Webhook setup UI,,240,Webhook configuration interface
Integration Capabilities,API & Webhooks,Event-based triggers,Trigger configuration UI,,210,Event trigger setup
Integration Capabilities,API & Webhooks,Integration testing tools,Webhook testing UI,,180,Testing interface
Integration Capabilities,API & Webhooks,Custom API development,API customization UI,,300,API customization interface
Integration Capabilities,API & Webhooks,Authentication for third-party systems,Auth configuration UI,,240,Auth setup interface
Integration Capabilities,API & Webhooks,Rate limiting and security,Security configuration UI,,180,Security settings UI
Administration Tools,User Administration,User management,User management interface,,240,User admin UI
Administration Tools,User Administration,Role assignment,Role management UI,,210,Role assignment interface
Administration Tools,User Administration,Access control,Permission management UI,,270,Permission management interface
Administration Tools,User Administration,Activity monitoring,User activity tracking UI,,240,Activity monitoring dashboard
Administration Tools,Package Administration,Feature toggle by package,Feature enablement UI,,210,Feature toggle interface
Administration Tools,Package Administration,Package configuration,Package management UI,,240,Package configuration interface
Administration Tools,Package Administration,Add/modify package features,Feature management UI,,210,Feature management interface
Administration Tools,Package Administration,Price management,Pricing configuration UI,,180,Price management UI
Administration Tools,Partner Administration,Partner program management,Partner management UI,,240,Partner program interface
Administration Tools,Partner Administration,Discount administration,Partner discount UI,,180,Discount management interface
Administration Tools,Partner Administration,Partner relationship tracking,Relationship CRM UI,,210,Relationship tracking interface
Administration Tools,Partner Administration,Commission management,Commission configuration UI,,180,Commission management UI
Administration Tools,Community Administration,Content moderation,Moderation dashboard,,270,Moderation interface
Administration Tools,Community Administration,User management,Community user admin,,240,User management interface
Administration Tools,Community Administration,Forum administration,Forum management UI,,210,Forum admin interface
Administration Tools,Community Administration,Resource allocation,Resource management UI,,180,Resource allocation interface
Technical Requirements,Performance,Fast load times,Frontend performance optimizations,,300,Performance improvement work
Technical Requirements,Performance,Efficient database queries,Query optimization UI helpers,,180,Query helper components
Technical Requirements,Performance,Optimized API calls,API optimization tools,,210,API optimization work
Technical Requirements,Performance,Scalability for growing user base,Scalability improvements,,270,Scalability enhancements
Technical Requirements,Security,Data encryption,Encryption UI indicators,,150,Encryption UI elements
Technical Requirements,Security,Secure authentication,Auth security enhancements,,270,Security improvement work
Technical Requirements,Security,GDPR compliance,GDPR compliance UI,,240,GDPR-related interface elements
Technical Requirements,Security,Regular security audits,Security audit interface,,180,Audit tools UI
Technical Requirements,Internationalization,Multi-language support,Language selection UI,,240,Language switcher components
Technical Requirements,Internationalization,Region-specific formatting,Regional format controls,,180,Format configuration UI
Technical Requirements,Internationalization,Localized content,Content localization UI,,270,Translation management interface
Technical Requirements,Internationalization,Currency conversion,Currency selection UI,,210,Currency tools
Technical Requirements,System Integration,API documentation,API docs interface,,240,Documentation UI
Technical Requirements,System Integration,Integration framework,Integration configuration UI,,300,Framework configuration interface
Technical Requirements,System Integration,Third-party compatibility,Compatibility management,,270,Compatibility settings UI
Technical Requirements,System Integration,Extension mechanisms,Extension configuration UI,,300,Extension management interface
